
{"LunchItem":
[
  {
    "Day":"Saturday",
    "Lunch Time": 2,
    "Meal": "Bagel with cream cheese and red pepper",
    "Where": "at home",
    "Did I Cook": "yes",
    "Mood": "happy food break",
    "Tasty Score": 7
  },

  {
    "Day":"Sunday",
    "Lunch Time": 1,
    "Meal": "Left over japanese curry from dinner",
    "Where": "at home",
    "Did I Cook": "yes",
    "Mood": "stressed, had to eat fast",
    "Tasty Score": 7
  },

  {
    "Day":"Monday",
    "Lunch Time": 12,
    "Meal": "Bagel with cream cheese and red pepper",
    "Where": "at home",
    "Did I Cook": "yes",
    "Mood": "kinda underwhelmed cause I ate the same lunch on saturday",
    "Tasty Score": 5
  },

  {
    "Day":"Tuesday",
    "Lunch Time": 1,
    "Meal": "vegetable fried rice",
    "Where": "at home",
    "Did I Cook": "yes",
    "Mood": "was really good!",
    "Tasty Score": 9
  }

]
}
